/*
SQLyog Community v13.1.7 (64 bit)
MySQL - 10.4.17-MariaDB : Database - id15751253_database
*********************************************************************
*/

/*!40101 SET NAMES utf8 */;

/*!40101 SET SQL_MODE=''*/;

/*!40014 SET @OLD_UNIQUE_CHECKS=@@UNIQUE_CHECKS, UNIQUE_CHECKS=0 */;
/*!40014 SET @OLD_FOREIGN_KEY_CHECKS=@@FOREIGN_KEY_CHECKS, FOREIGN_KEY_CHECKS=0 */;
/*!40101 SET @OLD_SQL_MODE=@@SQL_MODE, SQL_MODE='NO_AUTO_VALUE_ON_ZERO' */;
/*!40111 SET @OLD_SQL_NOTES=@@SQL_NOTES, SQL_NOTES=0 */;
CREATE DATABASE /*!32312 IF NOT EXISTS*/`id15751253_database` /*!40100 DEFAULT CHARACTER SET utf8mb4 */;

USE `id15751253_database`;

/*Table structure for table `admin_groups` */

DROP TABLE IF EXISTS `admin_groups`;

CREATE TABLE `admin_groups` (
  `id` mediumint(8) unsigned NOT NULL,
  `name` varchar(20) NOT NULL,
  `description` varchar(100) NOT NULL,
  PRIMARY KEY (`id`)
) ENGINE=InnoDB DEFAULT CHARSET=utf8;

/*Data for the table `admin_groups` */

insert  into `admin_groups`(`id`,`name`,`description`) values 
(1,'webmaster','Webmaster'),
(2,'admin','Administrator'),
(5,'Contactor','our team members');

/*Table structure for table `admin_login_attempts` */

DROP TABLE IF EXISTS `admin_login_attempts`;

CREATE TABLE `admin_login_attempts` (
  `id` int(11) unsigned NOT NULL,
  `ip_address` varchar(15) NOT NULL,
  `login` varchar(100) NOT NULL,
  `time` int(11) unsigned DEFAULT NULL,
  PRIMARY KEY (`id`)
) ENGINE=InnoDB DEFAULT CHARSET=utf8;

/*Data for the table `admin_login_attempts` */

/*Table structure for table `admin_users` */

DROP TABLE IF EXISTS `admin_users`;

CREATE TABLE `admin_users` (
  `id` int(11) unsigned NOT NULL,
  `ip_address` varchar(15) NOT NULL,
  `username` varchar(100) DEFAULT NULL,
  `password` varchar(255) NOT NULL,
  `salt` varchar(255) DEFAULT NULL,
  `email` varchar(100) DEFAULT NULL,
  `activation_code` varchar(40) DEFAULT NULL,
  `forgotten_password_code` varchar(40) DEFAULT NULL,
  `forgotten_password_time` int(11) unsigned DEFAULT NULL,
  `remember_code` varchar(40) DEFAULT NULL,
  `created_on` int(11) unsigned NOT NULL,
  `last_login` int(11) unsigned DEFAULT NULL,
  `active` tinyint(1) unsigned DEFAULT NULL,
  `first_name` varchar(50) DEFAULT NULL,
  `last_name` varchar(50) DEFAULT NULL,
  `description` text NOT NULL,
  `avatar` blob NOT NULL,
  PRIMARY KEY (`id`)
) ENGINE=InnoDB DEFAULT CHARSET=utf8;

/*Data for the table `admin_users` */

insert  into `admin_users`(`id`,`ip_address`,`username`,`password`,`salt`,`email`,`activation_code`,`forgotten_password_code`,`forgotten_password_time`,`remember_code`,`created_on`,`last_login`,`active`,`first_name`,`last_name`,`description`,`avatar`) values 
(1,'127.0.0.1','webmaster','$2y$08$/X5gzWjesYi78GqeAv5tA.dVGBVP7C1e1PzqnYCVe5s1qhlDIPPES',NULL,NULL,NULL,NULL,NULL,'ItNLX.z43fwSA7Nrn/gGse',1451900190,1611299091,1,'Webmaster','','',''),
(2,'127.0.0.1','admin','$2y$08$9lyhz7cMZAKdqDT/EmFNzuMhhT7imfShxd4dOFmf3Hfz7Xxjh6706',NULL,NULL,NULL,NULL,NULL,NULL,1451900228,1610463771,1,'Admin',NULL,'','<p>\n	<img alt=\"\" src=\"http://localhost/IConConsulting/assets/dist/frontend/images/user-2.jpg\" style=\"width: 550px; height: 550px;\" /></p>\n'),
(5,'::1','contactor_01','$2y$08$.TVffGn3Ee8FXyt1ReEc4.Jpor4.pLPAjdiLJZm8PH6un.RnzLTDm',NULL,NULL,NULL,NULL,NULL,NULL,1588582671,NULL,1,'Jane','Leona','<p>\n	<span style=\"color: rgb(130, 130, 130); font-family: &quot;Playfair Display&quot;, Georgia, serif; font-size: 18px; text-align: center;\">Quos quia provident consequuntur culpa facere ratione maxime commodi voluptates id repellat velit eaque aspernatur expedita. </span></p>\n<p style=\"text-align: center;\">\n	<span style=\"color: rgb(130, 130, 130); font-family: &quot;Playfair Display&quot;, Georgia, serif; font-size: 18px; text-align: center;\"><span style=\"background-color:#ffd700;\">Possimus</span> itaque adipisci.</span></p>\n','<p>\n	<img alt=\"\" src=\"http://localhost/IConConsulting/team_avatar/1.jpg\" style=\"width: 550px; height: 550px;\" /></p>\n'),
(6,'::1','contactor_02','$2y$08$ZQcRbIs6vDrRQj3a4YO8GuRk0DKJD3wz1dqXa5olONgHQ75IqCce.',NULL,NULL,NULL,NULL,NULL,NULL,1588582850,NULL,1,'Ana','Vasquez','<p>\n	Market contactor!Market contactor!Market contactor!Market contactor!Market contactor!Market contactor!Market contactor!Market contactor!Market contactor!Market contactor!Market contactor!Market contactor!Market contactor!Market contactor!Market contactor!</p>\n','<p>\n	<img alt=\"\" src=\"http://localhost/IConConsulting/team_avatar/2.jpg\" style=\"width: 550px; height: 550px;\" /></p>\n'),
(7,'::1','contactor_03','$2y$08$LpogPNsAOwDRR1nE2bJN6OYgtfKhTISdFzhZeUbmmXrxNwf5abTRm',NULL,NULL,NULL,NULL,NULL,NULL,1588582891,NULL,1,'Katie','O’Barr','<p>\n	My name is&nbsp;Katie.&nbsp;My name is&nbsp;Katie.&nbsp;My name is&nbsp;Katie.&nbsp;My name is&nbsp;Katie.&nbsp;My name is&nbsp;Katie.&nbsp;My name is&nbsp;Katie.&nbsp;My name is&nbsp;Katie.&nbsp;My name is&nbsp;Katie.&nbsp;My name is&nbsp;Katie.&nbsp;My name is&nbsp;Katie.&nbsp;My name is&nbsp;Katie.&nbsp;My name is&nbsp;Katie. v</p>\n','<p>\n	<img alt=\"\" src=\"http://localhost/IConConsulting/team_avatar/3.jpg\" /><img alt=\"\" src=\"http://localhost/IConConsulting/team_avatar/3.png\" /></p>\n'),
(8,'::1','contactor_04','$2y$10$S5b9nPa9fY7HUjvl9JU5keu7UnCwByiwQiztVCAKE0cJwKMGtRgpW',NULL,NULL,NULL,NULL,NULL,NULL,1588582891,1603462784,1,'Katie','O’Barr','<p>\r\n	My name is&nbsp;Katie.&nbsp;My name is&nbsp;Katie.&nbsp;My name is&nbsp;Katie.&nbsp;My name is&nbsp;Katie.&nbsp;My name is&nbsp;Katie.&nbsp;My name is&nbsp;Katie.&nbsp;My name is&nbsp;Katie.&nbsp;My name is&nbsp;Katie.&nbsp;My name is&nbsp;Katie.&nbsp;My name is&nbsp;Katie.&nbsp;My name is&nbsp;Katie.&nbsp;My name is&nbsp;Katie. v</p>\r\n','');

/*Table structure for table `admin_users_groups` */

DROP TABLE IF EXISTS `admin_users_groups`;

CREATE TABLE `admin_users_groups` (
  `id` int(11) unsigned NOT NULL,
  `user_id` int(11) unsigned NOT NULL,
  `group_id` mediumint(8) unsigned NOT NULL,
  PRIMARY KEY (`id`)
) ENGINE=InnoDB DEFAULT CHARSET=utf8;

/*Data for the table `admin_users_groups` */

insert  into `admin_users_groups`(`id`,`user_id`,`group_id`) values 
(1,1,1),
(2,2,2),
(3,3,3),
(4,4,4),
(5,5,5),
(6,6,5),
(7,7,5),
(8,8,5);

/*Table structure for table `api_access` */

DROP TABLE IF EXISTS `api_access`;

CREATE TABLE `api_access` (
  `id` int(11) unsigned NOT NULL,
  `key` varchar(40) NOT NULL DEFAULT '',
  `controller` varchar(50) NOT NULL DEFAULT '',
  `date_created` datetime DEFAULT NULL,
  `date_modified` timestamp NOT NULL DEFAULT current_timestamp() ON UPDATE current_timestamp(),
  PRIMARY KEY (`id`)
) ENGINE=InnoDB DEFAULT CHARSET=utf8;

/*Data for the table `api_access` */

/*Table structure for table `api_keys` */

DROP TABLE IF EXISTS `api_keys`;

CREATE TABLE `api_keys` (
  `id` int(11) NOT NULL,
  `user_id` int(11) NOT NULL,
  `key` varchar(40) NOT NULL,
  `level` int(2) NOT NULL,
  `ignore_limits` tinyint(1) NOT NULL DEFAULT 0,
  `is_private_key` tinyint(1) NOT NULL DEFAULT 0,
  `ip_addresses` text DEFAULT NULL,
  `date_created` int(11) NOT NULL,
  PRIMARY KEY (`id`)
) ENGINE=InnoDB DEFAULT CHARSET=utf8;

/*Data for the table `api_keys` */

insert  into `api_keys`(`id`,`user_id`,`key`,`level`,`ignore_limits`,`is_private_key`,`ip_addresses`,`date_created`) values 
(1,0,'anonymous',1,1,0,NULL,1463388382);

/*Table structure for table `api_limits` */

DROP TABLE IF EXISTS `api_limits`;

CREATE TABLE `api_limits` (
  `id` int(11) NOT NULL,
  `uri` varchar(255) NOT NULL,
  `count` int(10) NOT NULL,
  `hour_started` int(11) NOT NULL,
  `api_key` varchar(40) NOT NULL
) ENGINE=InnoDB DEFAULT CHARSET=utf8;

/*Data for the table `api_limits` */

/*Table structure for table `api_logs` */

DROP TABLE IF EXISTS `api_logs`;

CREATE TABLE `api_logs` (
  `id` int(11) NOT NULL,
  `uri` varchar(255) NOT NULL,
  `method` varchar(6) NOT NULL,
  `params` text DEFAULT NULL,
  `api_key` varchar(40) NOT NULL,
  `ip_address` varchar(45) NOT NULL,
  `time` int(11) NOT NULL,
  `rtime` float DEFAULT NULL,
  `authorized` varchar(1) NOT NULL,
  `response_code` smallint(3) DEFAULT 0
) ENGINE=InnoDB DEFAULT CHARSET=utf8;

/*Data for the table `api_logs` */

/*Table structure for table `epic_account` */

DROP TABLE IF EXISTS `epic_account`;

CREATE TABLE `epic_account` (
  `id` int(11) NOT NULL AUTO_INCREMENT,
  `name` text COLLATE utf8_unicode_ci NOT NULL,
  `gmail` text COLLATE utf8_unicode_ci NOT NULL,
  `password` text COLLATE utf8_unicode_ci NOT NULL,
  `created_date` date NOT NULL,
  PRIMARY KEY (`id`)
) ENGINE=InnoDB AUTO_INCREMENT=7 DEFAULT CHARSET=utf8 COLLATE=utf8_unicode_ci;

/*Data for the table `epic_account` */

insert  into `epic_account`(`id`,`name`,`gmail`,`password`,`created_date`) values 
(1,'Detroit: Become Human + Beyond Two Souls','varmanin@yandex.by','h6394984949612','2020-07-28'),
(2,'Maneater','mkrabin@yandex.by','546t45h6th6t4h','2020-07-28'),
(3,'Zombie Army 4','valeraerahin@yandex.by','51894189dn','2020-07-30'),
(4,'Epic 17 Games','epicgameschampion9@rambler.ru','YfnfkmzCvjkbyf13','2020-09-28'),
(5,'Epic 34 Games','Winny7ckzd@badplayer.xyz','K8wHSt31z88','2020-09-28'),
(6,'Epic 141 Games','pzkiup@rambler.ru','txhnqpP7CLuzuUxnp9VFZZbuP6BFSfHcdYNYJ3np9Kaqah7Esb','2020-09-28');

/*Table structure for table `groups` */

DROP TABLE IF EXISTS `groups`;

CREATE TABLE `groups` (
  `id` mediumint(8) unsigned NOT NULL AUTO_INCREMENT,
  `name` varchar(20) NOT NULL,
  `description` varchar(100) NOT NULL,
  PRIMARY KEY (`id`)
) ENGINE=InnoDB AUTO_INCREMENT=2 DEFAULT CHARSET=utf8;

/*Data for the table `groups` */

insert  into `groups`(`id`,`name`,`description`) values 
(1,'members','General User');

/*Table structure for table `login_attempts` */

DROP TABLE IF EXISTS `login_attempts`;

CREATE TABLE `login_attempts` (
  `id` int(11) unsigned NOT NULL AUTO_INCREMENT,
  `ip_address` varchar(15) NOT NULL,
  `login` varchar(100) NOT NULL,
  `time` int(11) unsigned DEFAULT NULL,
  PRIMARY KEY (`id`)
) ENGINE=InnoDB DEFAULT CHARSET=utf8;

/*Data for the table `login_attempts` */

/*Table structure for table `ms_account` */

DROP TABLE IF EXISTS `ms_account`;

CREATE TABLE `ms_account` (
  `id` int(11) NOT NULL AUTO_INCREMENT,
  `name` text NOT NULL,
  `gmail` text NOT NULL,
  `password` text NOT NULL,
  `created_date` date NOT NULL,
  PRIMARY KEY (`id`)
) ENGINE=InnoDB AUTO_INCREMENT=13 DEFAULT CHARSET=latin1;

/*Data for the table `ms_account` */

insert  into `ms_account`(`id`,`name`,`gmail`,`password`,`created_date`) values 
(11,'MS-Game-1','playms@outlook.com','playms222','2021-01-19'),
(12,'MS-Game-2','dragon1111origin@gmail.com','32323232','2021-01-19');

/*Table structure for table `origin_account` */

DROP TABLE IF EXISTS `origin_account`;

CREATE TABLE `origin_account` (
  `id` int(11) NOT NULL AUTO_INCREMENT,
  `name` text COLLATE utf8_unicode_ci NOT NULL,
  `gmail` text COLLATE utf8_unicode_ci NOT NULL,
  `password` text COLLATE utf8_unicode_ci NOT NULL,
  `created_date` date NOT NULL,
  PRIMARY KEY (`id`)
) ENGINE=InnoDB AUTO_INCREMENT=8 DEFAULT CHARSET=utf8 COLLATE=utf8_unicode_ci;

/*Data for the table `origin_account` */

insert  into `origin_account`(`id`,`name`,`gmail`,`password`,`created_date`) values 
(6,'Origin-Game-1','dragon-origin@gmail.com','alksjdlfjalsdf','2021-01-19'),
(7,'Origin-Game-2','aaaa','bbbb','2021-01-19');

/*Table structure for table `play_account` */

DROP TABLE IF EXISTS `play_account`;

CREATE TABLE `play_account` (
  `id` int(11) NOT NULL AUTO_INCREMENT,
  `name` text NOT NULL,
  `gameid` int(11) NOT NULL,
  `code_gmail` text NOT NULL,
  `code_password` text NOT NULL,
  `account` text NOT NULL,
  `password` text NOT NULL,
  `system32id` text NOT NULL,
  `appid` text NOT NULL,
  `dbdata` text NOT NULL,
  `created_date` date NOT NULL,
  PRIMARY KEY (`id`)
) ENGINE=InnoDB AUTO_INCREMENT=44 DEFAULT CHARSET=latin1;

/*Data for the table `play_account` */

insert  into `play_account`(`id`,`name`,`gameid`,`code_gmail`,`code_password`,`account`,`password`,`system32id`,`appid`,`dbdata`,`created_date`) values 
(41,'PlayAccount1',1,'steam.code@gmail.com','steam.code','steam.account@gmail.com','steam.password','1030313385','996470','312711111','2021-01-17'),
(42,'Play-PES-Account1',9,'pes.steam.code@gmail.com','aageeewwwww','pes.steam.account@gmail.com','asdkjfeiajlsjlke','1030313385','996470','312711111','2021-01-17'),
(43,'faaaa',22,'cccccccccc','ccccccc','gaaaaaaaaaaaa','ggggggggggg','123123123123','222222','333333333','2021-01-22');

/*Table structure for table `play_account_save` */

DROP TABLE IF EXISTS `play_account_save`;

CREATE TABLE `play_account_save` (
  `id` int(11) NOT NULL AUTO_INCREMENT,
  `name` text COLLATE utf8_unicode_ci NOT NULL,
  `gmail` text COLLATE utf8_unicode_ci NOT NULL,
  `password` text COLLATE utf8_unicode_ci NOT NULL,
  `created_date` date NOT NULL,
  PRIMARY KEY (`id`)
) ENGINE=InnoDB AUTO_INCREMENT=6 DEFAULT CHARSET=utf8 COLLATE=utf8_unicode_ci;

/*Data for the table `play_account_save` */

insert  into `play_account_save`(`id`,`name`,`gmail`,`password`,`created_date`) values 
(5,'PlayGame1','ppppp@gmail.com','asdfasdfasdf','2021-01-19');

/*Table structure for table `play_games` */

DROP TABLE IF EXISTS `play_games`;

CREATE TABLE `play_games` (
  `id` int(11) NOT NULL AUTO_INCREMENT,
  `name` text COLLATE utf8_unicode_ci NOT NULL,
  PRIMARY KEY (`id`)
) ENGINE=InnoDB AUTO_INCREMENT=23 DEFAULT CHARSET=utf8 COLLATE=utf8_unicode_ci;

/*Data for the table `play_games` */

insert  into `play_games`(`id`,`name`) values 
(1,'PlayGame-1'),
(2,'PlayGame-2'),
(3,'PlayGame-3'),
(4,'PlayGame-4'),
(6,'Football Manager 2020'),
(7,'Total War Collection'),
(8,'Death Stranding'),
(9,'PES 2018'),
(11,'eFootball PES 2021'),
(13,'Horizon Zero Dawn'),
(14,'Might & Magic Heroes VII'),
(15,'NBA 2K21 Mamba Forever'),
(17,'Marvel Avengers'),
(18,'Cyberpunk 2077'),
(19,'AC Valhalla & WD Legion'),
(20,'FIFA 21'),
(21,'Football Manager 2021'),
(22,'PlayGame-10');

/*Table structure for table `steam_account` */

DROP TABLE IF EXISTS `steam_account`;

CREATE TABLE `steam_account` (
  `id` int(11) NOT NULL AUTO_INCREMENT,
  `name` text NOT NULL,
  `gameid` int(11) NOT NULL,
  `code_gmail` text NOT NULL,
  `code_password` text NOT NULL,
  `account` text NOT NULL,
  `password` text NOT NULL,
  `system32id` text NOT NULL,
  `appid` text NOT NULL,
  `dbdata` text NOT NULL,
  `created_date` date NOT NULL,
  PRIMARY KEY (`id`)
) ENGINE=InnoDB AUTO_INCREMENT=43 DEFAULT CHARSET=latin1;

/*Data for the table `steam_account` */

insert  into `steam_account`(`id`,`name`,`gameid`,`code_gmail`,`code_password`,`account`,`password`,`system32id`,`appid`,`dbdata`,`created_date`) values 
(41,'TestAccount1',1,'steam.code@gmail.com','steam.code','steam.account@gmail.com','steam.password','1030313385','996470','312711111','2021-01-17'),
(42,'PES-Account1',9,'pes.steam.code@gmail.com','aageeewwwww','pes.steam.account@gmail.com','asdkjfeiajlsjlke','1030313385','996470','312711111','2021-01-17');

/*Table structure for table `steam_assign` */

DROP TABLE IF EXISTS `steam_assign`;

CREATE TABLE `steam_assign` (
  `id` int(11) NOT NULL AUTO_INCREMENT,
  `invoice` int(11) NOT NULL,
  `account` int(11) NOT NULL,
  `type` int(11) NOT NULL,
  `created_date` date NOT NULL,
  PRIMARY KEY (`id`)
) ENGINE=InnoDB AUTO_INCREMENT=1706 DEFAULT CHARSET=latin1;

/*Data for the table `steam_assign` */

insert  into `steam_assign`(`id`,`invoice`,`account`,`type`,`created_date`) values 
(37,2,7,0,'2020-05-22'),
(496,1,2,0,'2020-07-28'),
(497,1,1,1,'2020-07-28'),
(498,1,1,2,'2020-07-28'),
(499,1,1,3,'2020-07-28'),
(500,1,2,3,'2020-07-28'),
(501,1,1,4,'2020-07-28'),
(502,1,2,4,'2020-07-28'),
(503,1,3,4,'2020-07-28'),
(504,1,4,4,'2020-07-28'),
(505,1,5,4,'2020-07-28'),
(586,17,10,0,'2020-07-28'),
(587,18,10,0,'2020-07-28'),
(588,19,10,0,'2020-07-28'),
(589,20,10,0,'2020-07-28'),
(590,21,10,0,'2020-07-28'),
(591,22,10,0,'2020-07-28'),
(594,23,7,0,'2020-07-28'),
(595,23,10,0,'2020-07-28'),
(598,25,9,0,'2020-07-28'),
(599,25,10,0,'2020-07-28'),
(600,26,10,0,'2020-07-28'),
(601,27,10,0,'2020-07-28'),
(603,29,10,0,'2020-07-28'),
(607,31,10,0,'2020-07-28'),
(608,32,5,0,'2020-07-28'),
(609,33,19,0,'2020-07-29'),
(610,34,10,0,'2020-07-29'),
(627,36,5,0,'2020-07-29'),
(674,37,5,0,'2020-07-29'),
(675,37,9,0,'2020-07-29'),
(676,38,5,0,'2020-07-29'),
(677,39,10,0,'2020-07-29'),
(678,40,10,0,'2020-07-29'),
(679,41,5,0,'2020-07-29'),
(683,44,5,0,'2020-07-29'),
(684,45,5,0,'2020-07-29'),
(688,49,10,0,'2020-07-30'),
(689,50,6,0,'2020-07-30'),
(706,51,5,0,'2020-07-30'),
(708,53,5,0,'2020-07-30'),
(709,54,6,0,'2020-07-30'),
(711,55,5,0,'2020-07-31'),
(712,56,17,0,'2020-07-31'),
(713,57,17,0,'2020-07-31'),
(715,59,3,0,'2020-07-31'),
(718,58,6,0,'2020-07-31'),
(719,58,7,0,'2020-07-31'),
(720,60,3,0,'2020-07-31'),
(721,61,3,0,'2020-07-31'),
(722,62,6,0,'2020-08-01'),
(726,63,10,0,'2020-08-01'),
(727,64,5,0,'2020-08-01'),
(728,65,5,0,'2020-08-01'),
(729,66,10,0,'2020-08-01'),
(730,67,3,0,'2020-08-01'),
(731,68,19,0,'2020-08-01'),
(732,69,3,0,'2020-08-01'),
(733,70,18,0,'2020-08-01'),
(734,71,18,0,'2020-08-01'),
(735,72,18,0,'2020-08-01'),
(736,73,7,0,'2020-08-01'),
(737,74,5,0,'2020-08-01'),
(738,75,3,0,'2020-08-01'),
(739,76,9,0,'2020-08-01'),
(740,76,23,0,'2020-08-01'),
(741,77,6,0,'2020-08-01'),
(742,77,19,0,'2020-08-01'),
(743,78,22,0,'2020-08-01'),
(748,81,19,0,'2020-08-01'),
(766,82,7,0,'2020-08-01'),
(767,83,9,0,'2020-08-01'),
(768,84,18,0,'2020-08-02'),
(769,85,18,0,'2020-08-02'),
(770,86,9,0,'2020-08-02'),
(771,86,20,0,'2020-08-02'),
(772,87,10,0,'2020-08-02'),
(773,88,19,0,'2020-08-02'),
(774,89,3,0,'2020-08-02'),
(795,91,6,0,'2020-08-02'),
(796,92,3,0,'2020-08-02'),
(797,93,10,0,'2020-08-03'),
(798,94,3,0,'2020-08-03'),
(799,95,6,0,'2020-08-03'),
(800,96,5,0,'2020-08-03'),
(801,97,3,0,'2020-08-03'),
(802,98,6,0,'2020-08-03'),
(803,99,7,0,'2020-08-04'),
(804,100,9,0,'2020-08-04'),
(805,101,3,0,'2020-08-04'),
(806,102,2,0,'2020-08-04'),
(807,103,6,0,'2020-08-04'),
(808,103,7,0,'2020-08-04'),
(809,104,9,0,'2020-08-04'),
(810,105,10,0,'2020-08-04'),
(813,106,2,0,'2020-08-04'),
(814,106,18,0,'2020-08-04'),
(817,108,5,0,'2020-08-04'),
(819,110,9,0,'2020-08-04'),
(820,111,6,0,'2020-08-04'),
(821,112,2,0,'2020-08-04'),
(822,113,20,0,'2020-08-05'),
(823,114,7,0,'2020-08-05'),
(824,114,10,0,'2020-08-05'),
(825,115,2,0,'2020-08-05'),
(826,116,9,0,'2020-08-05'),
(827,117,7,0,'2020-08-05'),
(828,118,18,0,'2020-08-05'),
(829,119,6,0,'2020-08-05'),
(830,120,18,0,'2020-08-05'),
(831,121,7,0,'2020-08-05'),
(832,123,2,0,'2020-08-05'),
(833,124,10,0,'2020-08-05'),
(834,125,9,0,'2020-08-05'),
(835,126,4,0,'2020-08-05'),
(837,128,6,0,'2020-08-06'),
(840,129,19,0,'2020-08-06'),
(841,130,23,0,'2020-08-06'),
(842,131,2,0,'2020-08-06'),
(843,132,4,0,'2020-08-06'),
(844,133,5,0,'2020-08-06'),
(845,134,6,0,'2020-08-06'),
(847,136,2,0,'2020-08-06'),
(848,137,10,0,'2020-08-07'),
(849,137,23,0,'2020-08-07'),
(850,138,9,0,'2020-08-07'),
(851,139,4,0,'2020-08-07'),
(852,140,4,0,'2020-08-07'),
(853,141,4,0,'2020-08-07'),
(854,142,4,0,'2020-08-07'),
(856,144,6,0,'2020-08-07'),
(857,145,6,0,'2020-08-07'),
(858,146,19,0,'2020-08-07'),
(859,147,6,0,'2020-08-08'),
(860,148,5,0,'2020-08-09'),
(861,149,4,0,'2020-08-09'),
(862,150,7,0,'2020-08-10'),
(863,151,6,0,'2020-08-11'),
(864,152,9,0,'2020-08-11'),
(865,153,6,0,'2020-08-11'),
(866,154,18,0,'2020-08-13'),
(867,155,18,0,'2020-08-14'),
(868,156,4,0,'2020-08-14'),
(869,157,6,0,'2020-08-15'),
(870,158,19,0,'2020-08-15'),
(871,159,6,0,'2020-08-15'),
(872,160,2,0,'2020-08-15'),
(873,160,21,0,'2020-08-15'),
(874,161,10,0,'2020-08-15'),
(875,162,3,0,'2020-08-17'),
(877,164,3,0,'2020-08-17'),
(878,165,9,0,'2020-08-17'),
(880,168,10,0,'2020-08-18'),
(881,169,6,0,'2020-08-18'),
(882,170,19,0,'2020-08-19'),
(883,171,18,0,'2020-08-19'),
(884,172,19,0,'2020-08-19'),
(885,173,19,0,'2020-08-19'),
(886,174,6,0,'2020-08-19'),
(887,175,6,0,'2020-08-20'),
(888,176,7,0,'2020-08-20'),
(890,178,6,0,'2020-08-20'),
(891,179,10,0,'2020-08-20'),
(892,180,7,0,'2020-08-21'),
(893,181,18,0,'2020-08-21'),
(894,182,2,0,'2020-08-21'),
(895,183,6,0,'2020-08-21'),
(896,184,6,0,'2020-08-23'),
(898,186,2,1,'2020-08-23'),
(899,187,7,0,'2020-08-23'),
(900,188,6,0,'2020-08-24'),
(901,189,6,0,'2020-08-25'),
(902,190,18,0,'2020-08-26'),
(903,191,6,0,'2020-08-26'),
(904,192,6,0,'2020-08-27'),
(905,193,6,0,'2020-08-28'),
(907,195,7,0,'2020-08-28'),
(908,196,19,0,'2020-08-28'),
(909,197,4,0,'2020-08-29'),
(910,198,18,0,'2020-08-29'),
(911,199,6,0,'2020-08-29'),
(912,200,19,0,'2020-08-29'),
(913,201,19,0,'2020-08-29'),
(914,202,2,1,'2020-08-29'),
(915,203,18,0,'2020-08-29'),
(916,204,9,0,'2020-08-29'),
(917,205,4,0,'2020-08-29'),
(918,206,6,0,'2020-08-30'),
(919,207,9,0,'2020-08-31'),
(920,208,9,0,'2020-08-31'),
(923,211,18,0,'2020-08-31'),
(924,212,10,0,'2020-08-31'),
(925,213,6,0,'2020-08-31'),
(926,214,23,0,'2020-08-31'),
(927,215,19,0,'2020-08-31'),
(928,216,18,0,'2020-09-02'),
(929,217,2,0,'2020-09-02'),
(930,218,6,0,'2020-09-02'),
(931,219,19,0,'2020-09-02'),
(932,220,9,0,'2020-09-02'),
(933,221,22,0,'2020-09-03'),
(935,222,9,0,'2020-09-03'),
(936,223,6,0,'2020-09-03'),
(937,224,19,0,'2020-09-04'),
(938,225,19,0,'2020-09-04'),
(939,226,18,0,'2020-09-05'),
(940,227,9,0,'2020-09-05'),
(941,228,6,0,'2020-09-05'),
(942,229,6,0,'2020-09-06'),
(943,230,23,0,'2020-09-06'),
(944,231,10,0,'2020-09-06'),
(945,232,10,0,'2020-09-06'),
(947,234,6,0,'2020-09-06'),
(948,235,2,0,'2020-09-06'),
(950,236,19,0,'2020-09-07'),
(951,237,6,0,'2020-09-07'),
(952,238,10,0,'2020-09-08'),
(953,239,21,0,'2020-09-08'),
(958,244,19,0,'2020-09-09'),
(964,245,18,0,'2020-09-09'),
(965,246,23,0,'2020-09-09'),
(966,247,10,0,'2020-09-09'),
(967,248,6,0,'2020-09-10'),
(968,249,19,0,'2020-09-10'),
(969,250,6,0,'2020-09-10'),
(970,251,19,0,'2020-09-10'),
(971,252,9,0,'2020-09-10'),
(972,253,19,0,'2020-09-11'),
(973,254,10,0,'2020-09-11'),
(974,255,9,0,'2020-09-11'),
(975,256,9,0,'2020-09-12'),
(976,256,19,0,'2020-09-12'),
(977,257,18,0,'2020-09-12'),
(978,258,10,0,'2020-09-12'),
(979,259,7,0,'2020-09-12'),
(980,260,10,0,'2020-09-12'),
(981,260,20,0,'2020-09-12'),
(982,261,21,0,'2020-09-12'),
(983,262,10,0,'2020-09-12'),
(984,262,20,0,'2020-09-12'),
(985,263,19,0,'2020-09-13'),
(986,264,6,0,'2020-09-13'),
(987,265,9,0,'2020-09-13'),
(988,177,2,0,'2020-09-13'),
(989,177,7,0,'2020-09-13'),
(990,177,23,0,'2020-09-13'),
(991,267,27,0,'2020-09-14'),
(992,268,9,0,'2020-09-14'),
(993,269,9,0,'2020-09-14'),
(995,270,10,0,'2020-09-14'),
(996,167,5,0,'2020-09-14'),
(997,167,27,0,'2020-09-14'),
(998,271,4,0,'2020-09-14'),
(999,272,6,0,'2020-09-14'),
(1002,273,18,0,'2020-09-15'),
(1003,274,9,0,'2020-09-15'),
(1004,275,6,0,'2020-09-15'),
(1005,276,4,0,'2020-09-16'),
(1006,277,23,0,'2020-09-16'),
(1007,278,9,0,'2020-09-16'),
(1008,278,23,0,'2020-09-16'),
(1009,279,9,0,'2020-09-16'),
(1010,279,2,1,'2020-09-16'),
(1013,280,6,0,'2020-09-18'),
(1014,281,19,0,'2020-09-18'),
(1056,282,34,0,'2020-09-18'),
(1057,163,9,0,'2020-09-18'),
(1058,163,34,0,'2020-09-18'),
(1059,283,9,0,'2020-09-18'),
(1060,284,9,0,'2020-09-19'),
(1061,285,9,0,'2020-09-19'),
(1062,286,1,0,'2020-09-19'),
(1063,287,1,0,'2020-09-19'),
(1065,288,1,0,'2020-09-19'),
(1066,288,21,0,'2020-09-19'),
(1068,290,1,0,'2020-09-20'),
(1069,291,1,0,'2020-09-20'),
(1070,292,5,0,'2020-09-20'),
(1071,30,4,0,'2020-09-20'),
(1072,30,9,0,'2020-09-20'),
(1073,30,10,0,'2020-09-20'),
(1074,30,27,0,'2020-09-20'),
(1075,293,10,0,'2020-09-20'),
(1076,294,1,0,'2020-09-20'),
(1078,296,1,0,'2020-09-21'),
(1079,297,19,0,'2020-09-21'),
(1082,109,2,0,'2020-09-21'),
(1083,109,27,0,'2020-09-21'),
(1084,298,7,0,'2020-09-21'),
(1085,299,34,0,'2020-09-22'),
(1086,300,19,0,'2020-09-22'),
(1087,301,27,0,'2020-09-23'),
(1109,303,23,0,'2020-09-24'),
(1110,304,19,0,'2020-09-24'),
(1111,305,23,0,'2020-09-24'),
(1112,306,6,0,'2020-09-25'),
(1113,307,3,0,'2020-09-25'),
(1114,308,23,0,'2020-09-25'),
(1118,311,10,0,'2020-09-25'),
(1119,312,23,0,'2020-09-25'),
(1122,313,10,0,'2020-09-26'),
(1123,313,20,0,'2020-09-26'),
(1124,313,23,0,'2020-09-26'),
(1125,314,5,0,'2020-09-26'),
(1126,314,10,0,'2020-09-26'),
(1127,314,23,0,'2020-09-26'),
(1128,314,34,0,'2020-09-26'),
(1129,315,3,0,'2020-09-26'),
(1130,316,9,0,'2020-09-26'),
(1131,317,2,1,'2020-09-26'),
(1132,310,7,0,'2020-09-26'),
(1133,310,10,0,'2020-09-26'),
(1135,302,11,0,'2020-09-26'),
(1136,302,23,0,'2020-09-26'),
(1137,127,4,0,'2020-09-26'),
(1138,127,27,0,'2020-09-26'),
(1139,319,9,0,'2020-09-27'),
(1140,319,10,0,'2020-09-27'),
(1141,319,23,0,'2020-09-27'),
(1144,322,18,0,'2020-09-27'),
(1145,323,23,0,'2020-09-27'),
(1146,324,2,1,'2020-09-27'),
(1147,325,23,0,'2020-09-27'),
(1148,326,19,0,'2020-09-27'),
(1170,309,11,0,'2020-09-28'),
(1171,309,23,0,'2020-09-28'),
(1172,309,6,2,'2020-09-28'),
(1173,327,19,0,'2020-09-28'),
(1174,328,7,0,'2020-09-28'),
(1175,329,6,0,'2020-09-28'),
(1177,331,19,0,'2020-09-28'),
(1178,332,10,0,'2020-09-28'),
(1179,332,23,0,'2020-09-28'),
(1180,321,9,0,'2020-09-29'),
(1181,321,11,0,'2020-09-29'),
(1182,321,23,0,'2020-09-29'),
(1184,333,23,0,'2020-09-29'),
(1185,334,6,0,'2020-09-29'),
(1186,335,11,0,'2020-09-29'),
(1187,336,9,0,'2020-09-30'),
(1190,338,25,0,'2020-09-30'),
(1191,337,10,0,'2020-09-30'),
(1192,337,20,0,'2020-09-30'),
(1193,337,34,0,'2020-09-30'),
(1194,339,9,0,'2020-09-30'),
(1196,342,18,0,'2020-09-30'),
(1197,343,9,0,'2020-09-30'),
(1198,340,23,0,'2020-09-30'),
(1199,344,23,0,'2020-09-30'),
(1200,345,6,2,'2020-10-01'),
(1201,346,19,0,'2020-10-01'),
(1202,347,9,0,'2020-10-02'),
(1203,348,27,0,'2020-10-02'),
(1204,185,20,0,'2020-10-03'),
(1205,185,34,0,'2020-10-03'),
(1206,349,7,0,'2020-10-03'),
(1207,43,5,0,'2020-10-03'),
(1208,43,21,0,'2020-10-03'),
(1209,43,27,0,'2020-10-03'),
(1212,350,6,0,'2020-10-04'),
(1213,351,2,1,'2020-10-04'),
(1214,352,25,0,'2020-10-04'),
(1215,353,19,0,'2020-10-04'),
(1216,354,23,0,'2020-10-05'),
(1219,356,10,0,'2020-10-06'),
(1220,357,21,0,'2020-10-06'),
(1221,358,2,0,'2020-10-07'),
(1222,358,27,0,'2020-10-07'),
(1223,359,18,0,'2020-10-07'),
(1230,366,23,0,'2020-10-07'),
(1231,367,20,0,'2020-10-07'),
(1232,368,34,0,'2020-10-08'),
(1233,369,9,0,'2020-10-08'),
(1235,371,23,0,'2020-10-09'),
(1236,372,23,0,'2020-10-09'),
(1238,374,20,0,'2020-10-09'),
(1239,375,10,0,'2020-10-10'),
(1240,376,1,0,'2020-10-10'),
(1241,377,18,0,'2020-10-10'),
(1242,378,6,0,'2020-10-10'),
(1243,320,18,0,'2020-10-10'),
(1244,320,23,0,'2020-10-10'),
(1245,379,4,0,'2020-10-11'),
(1246,380,23,0,'2020-10-11'),
(1247,381,23,0,'2020-10-12'),
(1248,382,27,0,'2020-10-13'),
(1249,383,7,0,'2020-10-13'),
(1250,384,18,0,'2020-10-14'),
(1251,385,1,0,'2020-10-14'),
(1252,386,1,0,'2020-10-14'),
(1253,387,9,0,'2020-10-14'),
(1254,388,9,0,'2020-10-14'),
(1255,389,31,0,'2020-10-14'),
(1256,390,7,0,'2020-10-14'),
(1257,16,6,0,'2020-10-14'),
(1258,16,11,0,'2020-10-14'),
(1259,16,19,0,'2020-10-14'),
(1260,16,22,0,'2020-10-14'),
(1261,16,31,0,'2020-10-14'),
(1262,16,34,0,'2020-10-14'),
(1263,16,1,1,'2020-10-14'),
(1264,16,2,1,'2020-10-14'),
(1265,16,3,1,'2020-10-14'),
(1266,16,4,1,'2020-10-14'),
(1267,16,5,1,'2020-10-14'),
(1268,16,7,1,'2020-10-14'),
(1269,16,1,2,'2020-10-14'),
(1270,16,2,2,'2020-10-14'),
(1271,16,3,2,'2020-10-14'),
(1272,16,6,2,'2020-10-14'),
(1273,16,1,3,'2020-10-14'),
(1274,16,1,4,'2020-10-14'),
(1275,16,2,4,'2020-10-14'),
(1276,16,3,4,'2020-10-14'),
(1277,16,4,4,'2020-10-14'),
(1278,16,5,4,'2020-10-14'),
(1280,392,23,0,'2020-10-15'),
(1281,392,34,0,'2020-10-15'),
(1282,393,9,0,'2020-10-15'),
(1283,394,6,0,'2020-10-15'),
(1284,395,25,0,'2020-10-15'),
(1285,396,31,0,'2020-10-15'),
(1286,397,6,0,'2020-10-16'),
(1287,398,19,0,'2020-10-17'),
(1288,399,7,0,'2020-10-17'),
(1289,399,10,0,'2020-10-17'),
(1290,400,9,0,'2020-10-17'),
(1291,391,18,0,'2020-10-17'),
(1292,391,26,0,'2020-10-17'),
(1293,401,23,0,'2020-10-17'),
(1294,373,9,0,'2020-10-17'),
(1295,373,23,0,'2020-10-17'),
(1296,402,31,0,'2020-10-17'),
(1298,404,1,0,'2020-10-17'),
(1299,405,10,0,'2020-10-18'),
(1300,406,9,0,'2020-10-19'),
(1301,407,5,0,'2020-10-19'),
(1302,408,20,0,'2020-10-19'),
(1305,410,9,0,'2020-10-20'),
(1306,411,9,0,'2020-10-21'),
(1308,413,34,0,'2020-10-21'),
(1309,414,23,0,'2020-10-21'),
(1310,415,18,0,'2020-10-21'),
(1311,416,25,0,'2020-10-21'),
(1312,417,18,0,'2020-10-22'),
(1313,418,23,0,'2020-10-23'),
(1315,420,2,1,'2020-10-23'),
(1316,289,1,0,'2020-10-23'),
(1317,289,35,0,'2020-10-23'),
(1321,422,23,0,'2020-10-24'),
(1322,423,23,0,'2020-10-24'),
(1323,424,9,0,'2020-10-24'),
(1324,425,7,0,'2020-10-24'),
(1325,425,23,0,'2020-10-24'),
(1326,403,10,0,'2020-10-25'),
(1327,403,23,0,'2020-10-25'),
(1328,426,19,0,'2020-10-25'),
(1329,427,6,0,'2020-10-25'),
(1330,428,18,0,'2020-10-25'),
(1332,135,9,0,'2020-10-26'),
(1333,135,23,0,'2020-10-26'),
(1334,430,10,0,'2020-10-26'),
(1335,431,23,0,'2020-10-26'),
(1336,432,23,0,'2020-10-27'),
(1337,433,23,0,'2020-10-27'),
(1338,434,9,0,'2020-10-27'),
(1339,435,6,0,'2020-10-27'),
(1341,436,9,0,'2020-10-28'),
(1342,436,23,0,'2020-10-28'),
(1343,437,23,0,'2020-10-28'),
(1345,439,6,0,'2020-10-28'),
(1346,439,9,0,'2020-10-28'),
(1347,440,7,0,'2020-10-28'),
(1348,441,7,0,'2020-10-29'),
(1349,442,19,0,'2020-10-29'),
(1350,443,6,0,'2020-10-29'),
(1351,443,34,0,'2020-10-29'),
(1352,444,2,1,'2020-10-29'),
(1353,445,9,0,'2020-10-30'),
(1354,446,6,0,'2020-10-30'),
(1355,447,19,0,'2020-10-31'),
(1356,448,6,0,'2020-11-01'),
(1357,449,9,0,'2020-11-01'),
(1358,450,10,0,'2020-11-01'),
(1360,452,3,0,'2020-11-02'),
(1361,453,9,0,'2020-11-02'),
(1362,453,35,0,'2020-11-02'),
(1363,454,27,0,'2020-11-02'),
(1364,421,18,0,'2020-11-02'),
(1365,421,21,0,'2020-11-02'),
(1366,421,27,0,'2020-11-02'),
(1367,455,9,0,'2020-11-03'),
(1370,451,31,0,'2020-11-03'),
(1371,456,34,0,'2020-11-03'),
(1372,457,31,0,'2020-11-03'),
(1374,459,23,0,'2020-11-04'),
(1382,458,18,0,'2020-11-04'),
(1383,460,18,0,'2020-11-04'),
(1384,461,7,0,'2020-11-05'),
(1387,464,23,0,'2020-11-07'),
(1388,464,6,2,'2020-11-07'),
(1389,465,18,0,'2020-11-07'),
(1390,438,23,0,'2020-11-08'),
(1391,438,31,0,'2020-11-08'),
(1392,466,6,0,'2020-11-08'),
(1393,467,25,0,'2020-11-09'),
(1394,468,7,0,'2020-11-09'),
(1395,469,31,0,'2020-11-10'),
(1396,470,9,0,'2020-11-11'),
(1397,471,35,0,'2020-11-12'),
(1398,472,11,0,'2020-11-12'),
(1399,473,35,0,'2020-11-12'),
(1400,473,2,1,'2020-11-12'),
(1401,474,35,0,'2020-11-13'),
(1403,476,19,0,'2020-11-14'),
(1404,477,10,0,'2020-11-14'),
(1405,478,9,0,'2020-11-14'),
(1406,90,3,0,'2020-11-16'),
(1407,90,27,0,'2020-11-16'),
(1408,479,27,0,'2020-11-17'),
(1409,480,10,0,'2020-11-18'),
(1410,481,20,0,'2020-11-20'),
(1411,482,20,0,'2020-11-20'),
(1412,483,2,1,'2020-11-20'),
(1413,484,23,0,'2020-11-20'),
(1414,485,19,0,'2020-11-20'),
(1415,486,31,0,'2020-11-21'),
(1416,487,19,0,'2020-11-21'),
(1417,488,4,0,'2020-11-22'),
(1418,488,9,0,'2020-11-22'),
(1419,489,9,0,'2020-11-22'),
(1420,490,7,0,'2020-11-23'),
(1421,491,18,0,'2020-11-23'),
(1422,492,23,0,'2020-11-23'),
(1423,493,23,0,'2020-11-24'),
(1424,494,25,0,'2020-11-24'),
(1425,495,23,0,'2020-11-25'),
(1426,496,6,0,'2020-11-25'),
(1427,497,18,0,'2020-11-27'),
(1428,498,6,0,'2020-11-27'),
(1429,499,25,0,'2020-11-28'),
(1431,501,7,0,'2020-11-28'),
(1432,502,9,0,'2020-11-28'),
(1433,502,18,0,'2020-11-28'),
(1434,503,23,0,'2020-11-28'),
(1435,504,23,0,'2020-11-29'),
(1436,505,23,0,'2020-11-29'),
(1438,507,6,0,'2020-11-29'),
(1439,508,9,0,'2020-11-30'),
(1440,508,23,0,'2020-11-30'),
(1441,509,9,0,'2020-11-30'),
(1442,510,9,0,'2020-11-30'),
(1444,512,25,0,'2020-12-01'),
(1446,514,23,0,'2020-12-02'),
(1447,515,6,0,'2020-12-02'),
(1448,516,6,0,'2020-12-02'),
(1449,517,9,0,'2020-12-03'),
(1450,518,18,0,'2020-12-03'),
(1451,519,7,0,'2020-12-03'),
(1452,519,25,0,'2020-12-03'),
(1454,521,9,0,'2020-12-04'),
(1455,522,23,0,'2020-12-04'),
(1456,523,10,0,'2020-12-04'),
(1457,524,23,0,'2020-12-04'),
(1459,526,9,0,'2020-12-04'),
(1461,528,23,0,'2020-12-04'),
(1462,529,2,1,'2020-12-05'),
(1463,530,25,0,'2020-12-05'),
(1465,532,2,1,'2020-12-05'),
(1466,506,9,0,'2020-12-05'),
(1467,506,23,0,'2020-12-05'),
(1468,533,2,1,'2020-12-05'),
(1469,525,35,0,'2020-12-05'),
(1470,525,2,1,'2020-12-05'),
(1471,534,2,1,'2020-12-05'),
(1476,535,7,0,'2020-12-06'),
(1477,535,20,0,'2020-12-06'),
(1478,535,23,0,'2020-12-06'),
(1479,536,9,0,'2020-12-07'),
(1480,537,36,0,'2020-12-08'),
(1481,42,5,0,'2020-12-08'),
(1482,42,27,0,'2020-12-08'),
(1483,42,31,0,'2020-12-08'),
(1484,538,6,0,'2020-12-08'),
(1485,539,36,0,'2020-12-08'),
(1486,540,23,0,'2020-12-09'),
(1487,541,36,0,'2020-12-09'),
(1488,542,36,0,'2020-12-09'),
(1489,543,25,0,'2020-12-09'),
(1490,544,23,0,'2020-12-09'),
(1491,545,36,0,'2020-12-09'),
(1492,546,19,0,'2020-12-09'),
(1497,547,23,0,'2020-12-09'),
(1498,547,36,0,'2020-12-09'),
(1499,527,23,0,'2020-12-09'),
(1500,527,36,0,'2020-12-09'),
(1501,531,23,0,'2020-12-09'),
(1502,531,36,0,'2020-12-09'),
(1503,511,23,0,'2020-12-09'),
(1504,511,36,0,'2020-12-09'),
(1505,549,23,0,'2020-12-09'),
(1506,549,36,0,'2020-12-09'),
(1507,409,9,0,'2020-12-10'),
(1508,409,23,0,'2020-12-10'),
(1509,409,36,0,'2020-12-10'),
(1511,551,9,0,'2020-12-10'),
(1512,552,23,0,'2020-12-10'),
(1513,552,36,0,'2020-12-10'),
(1514,553,36,0,'2020-12-10'),
(1515,554,18,0,'2020-12-10'),
(1516,554,25,0,'2020-12-10'),
(1517,555,36,0,'2020-12-10'),
(1518,355,9,0,'2020-12-10'),
(1519,355,23,0,'2020-12-10'),
(1520,355,36,0,'2020-12-10'),
(1521,556,36,0,'2020-12-10'),
(1522,557,23,0,'2020-12-10'),
(1523,557,36,0,'2020-12-10'),
(1524,558,36,0,'2020-12-10'),
(1525,559,36,0,'2020-12-10'),
(1526,560,36,0,'2020-12-10'),
(1527,561,37,0,'2020-12-10'),
(1528,562,37,0,'2020-12-10'),
(1529,563,37,0,'2020-12-10'),
(1530,564,23,0,'2020-12-10'),
(1531,564,37,0,'2020-12-10'),
(1532,565,23,0,'2020-12-10'),
(1533,565,37,0,'2020-12-10'),
(1534,566,37,0,'2020-12-11'),
(1537,568,2,1,'2020-12-11'),
(1538,569,23,0,'2020-12-11'),
(1539,569,37,0,'2020-12-11'),
(1540,570,23,0,'2020-12-11'),
(1541,570,37,0,'2020-12-11'),
(1542,571,23,0,'2020-12-11'),
(1543,571,37,0,'2020-12-11'),
(1546,572,23,0,'2020-12-11'),
(1547,572,37,0,'2020-12-11'),
(1548,573,36,0,'2020-12-11'),
(1549,574,37,0,'2020-12-11'),
(1550,575,37,0,'2020-12-11'),
(1551,576,37,0,'2020-12-12'),
(1552,577,23,0,'2020-12-12'),
(1553,577,36,0,'2020-12-12'),
(1554,578,25,0,'2020-12-12'),
(1555,579,36,0,'2020-12-12'),
(1556,580,36,0,'2020-12-12'),
(1557,581,23,0,'2020-12-12'),
(1558,581,36,0,'2020-12-12'),
(1559,582,36,0,'2020-12-12'),
(1560,583,36,0,'2020-12-12'),
(1562,585,36,0,'2020-12-13'),
(1565,588,9,0,'2020-12-13'),
(1566,589,36,0,'2020-12-13'),
(1567,590,36,0,'2020-12-14'),
(1568,591,23,0,'2020-12-14'),
(1569,591,37,0,'2020-12-14'),
(1570,592,37,0,'2020-12-14'),
(1571,593,23,0,'2020-12-14'),
(1572,593,36,0,'2020-12-14'),
(1573,593,2,1,'2020-12-14'),
(1574,594,9,0,'2020-12-14'),
(1575,594,23,0,'2020-12-14'),
(1576,594,36,0,'2020-12-14'),
(1577,595,23,0,'2020-12-14'),
(1578,595,36,0,'2020-12-14'),
(1580,597,2,1,'2020-12-14'),
(1584,599,36,0,'2020-12-14'),
(1587,602,2,3,'2020-12-14'),
(1588,603,23,0,'2020-12-14'),
(1589,603,37,0,'2020-12-14'),
(1590,604,23,0,'2020-12-15'),
(1591,604,37,0,'2020-12-15'),
(1594,605,23,0,'2020-12-15'),
(1595,605,37,0,'2020-12-15'),
(1596,606,36,0,'2020-12-15'),
(1597,607,37,0,'2020-12-15'),
(1598,608,36,0,'2020-12-15'),
(1599,609,2,3,'2020-12-15'),
(1600,610,2,1,'2020-12-15'),
(1602,548,9,0,'2020-12-15'),
(1603,548,23,0,'2020-12-15'),
(1604,548,36,0,'2020-12-15'),
(1605,611,23,0,'2020-12-15'),
(1606,611,37,0,'2020-12-15'),
(1607,612,2,3,'2020-12-16'),
(1608,613,2,3,'2020-12-16'),
(1609,614,2,3,'2020-12-16'),
(1610,615,36,0,'2020-12-16'),
(1611,616,10,0,'2020-12-16'),
(1612,617,25,0,'2020-12-16'),
(1613,596,23,0,'2020-12-16'),
(1614,596,36,0,'2020-12-16'),
(1615,618,10,0,'2020-12-17'),
(1616,619,36,0,'2020-12-17'),
(1617,330,7,0,'2020-12-17'),
(1618,330,23,0,'2020-12-17'),
(1620,621,35,0,'2020-12-18'),
(1621,621,39,0,'2020-12-18'),
(1622,621,40,0,'2020-12-18'),
(1623,622,23,0,'2020-12-18'),
(1624,622,36,0,'2020-12-18'),
(1625,623,37,0,'2020-12-18'),
(1626,624,2,3,'2020-12-18'),
(1627,625,23,0,'2020-12-19'),
(1628,625,36,0,'2020-12-19'),
(1629,626,39,0,'2020-12-19'),
(1630,627,22,0,'2020-12-19'),
(1631,628,35,0,'2020-12-19'),
(1632,628,40,0,'2020-12-19'),
(1633,629,37,0,'2020-12-19'),
(1637,513,9,0,'2020-12-19'),
(1638,513,6,2,'2020-12-19'),
(1639,513,2,3,'2020-12-19'),
(1640,630,2,3,'2020-12-19'),
(1641,631,6,0,'2020-12-19'),
(1642,632,19,0,'2020-12-20'),
(1643,633,9,0,'2020-12-20'),
(1644,634,37,0,'2020-12-21'),
(1645,635,7,0,'2020-12-21'),
(1646,636,36,0,'2020-12-21'),
(1647,637,19,0,'2020-12-21'),
(1648,637,37,0,'2020-12-21'),
(1649,638,23,0,'2020-12-21'),
(1650,638,36,0,'2020-12-21'),
(1651,639,37,0,'2020-12-21'),
(1652,640,31,0,'2020-12-22'),
(1654,641,11,0,'2020-12-22'),
(1655,642,35,0,'2020-12-22'),
(1656,642,39,0,'2020-12-22'),
(1657,642,40,0,'2020-12-22'),
(1658,643,10,0,'2020-12-22'),
(1659,644,40,0,'2020-12-22'),
(1660,645,35,0,'2020-12-23'),
(1661,567,23,0,'2020-12-23'),
(1662,567,35,0,'2020-12-23'),
(1663,567,37,0,'2020-12-23'),
(1664,567,39,0,'2020-12-23'),
(1665,567,40,0,'2020-12-23'),
(1673,665,5,2,'2021-01-08'),
(1678,656,41,0,'2021-01-17'),
(1679,656,42,0,'2021-01-17'),
(1698,657,42,0,'2021-01-19'),
(1699,657,12,1,'2021-01-19'),
(1700,657,4,2,'2021-01-19'),
(1701,657,5,2,'2021-01-19'),
(1702,657,6,2,'2021-01-19'),
(1703,657,5,3,'2021-01-19'),
(1704,657,6,4,'2021-01-19'),
(1705,657,7,4,'2021-01-19');

/*Table structure for table `steam_games` */

DROP TABLE IF EXISTS `steam_games`;

CREATE TABLE `steam_games` (
  `id` int(11) NOT NULL AUTO_INCREMENT,
  `name` text COLLATE utf8_unicode_ci NOT NULL,
  PRIMARY KEY (`id`)
) ENGINE=InnoDB AUTO_INCREMENT=22 DEFAULT CHARSET=utf8 COLLATE=utf8_unicode_ci;

/*Data for the table `steam_games` */

insert  into `steam_games`(`id`,`name`) values 
(1,'eFootball PES 2020'),
(2,'Red Dead Redemption 2'),
(3,'Resident Evil 3'),
(4,'Planet Zoo'),
(5,'Mortal Kombat 11'),
(6,'Football Manager 2020'),
(7,'Total War Collection'),
(8,'Death Stranding'),
(9,'PES 2018'),
(10,'F1 2020'),
(11,'eFootball PES 2021'),
(13,'Horizon Zero Dawn'),
(14,'Might & Magic Heroes VII'),
(15,'NBA 2K21 Mamba Forever'),
(17,'Marvel Avengers'),
(18,'Cyberpunk 2077'),
(19,'AC Valhalla & WD Legion'),
(20,'FIFA 21'),
(21,'Football Manager 2021');

/*Table structure for table `steam_invoice` */

DROP TABLE IF EXISTS `steam_invoice`;

CREATE TABLE `steam_invoice` (
  `id` int(11) NOT NULL AUTO_INCREMENT,
  `name` text NOT NULL,
  `number` text NOT NULL,
  `ipaddress` text NOT NULL,
  `deviceid` text DEFAULT NULL,
  `created_date` date NOT NULL,
  `cpu_id` varchar(60) DEFAULT NULL,
  `harddrive_id` varchar(60) DEFAULT NULL,
  `bios_id` varchar(60) DEFAULT NULL,
  PRIMARY KEY (`id`)
) ENGINE=InnoDB AUTO_INCREMENT=670 DEFAULT CHARSET=latin1;

/*Data for the table `steam_invoice` */

insert  into `steam_invoice`(`id`,`name`,`number`,`ipaddress`,`deviceid`,`created_date`,`cpu_id`,`harddrive_id`,`bios_id`) values 
(646,'user01','904EF3262E0CEB3','','','2020-12-24','44',NULL,NULL),
(648,'user02','A5B3B719676EA28','::1','0A002700000C','2020-12-28','11','55','88'),
(653,'Mariann Gecse','5837B31AF50DECB','::1','0A0027000006','2021-01-04','22','66','77'),
(654,'Flex','4CCF7B21CBDCED0','10.14.4.221','005056C00001','2021-01-04','33',NULL,NULL),
(656,'Wilson','38EFF1187087992','::1','','2021-01-05','591593-1050624--19205241--1075053569','ZN152L94','032E02B4-0499-0589-6706-2E0700080009'),
(657,'User03','69233D2CE48498A','','','2021-01-05','591593-1050624--19205241--1075053569','ZN152L94','032E02B4-0499-0589-6706-2E0700080009'),
(658,'user04','31A261D62B010C7','192.168.43.18','0A002700000C','2021-01-05',NULL,NULL,NULL),
(659,'user05','F9B371A354FF26C','192.168.0.136','0A002700000C','2021-01-05',NULL,NULL,NULL),
(660,'user06','DEABB110195B00E','192.168.1.149','0A0027000003','2021-01-05',NULL,NULL,NULL),
(661,'user07','FADC14062B5EB0E','','','2021-01-05',NULL,NULL,NULL),
(662,'user08','C52D12F1107F67A','192.168.18.2','AC220B50C3E4','2021-01-05',NULL,NULL,NULL),
(664,'user11','1A7C3571A071142','','','2021-01-08',NULL,NULL,NULL),
(665,'u12','57F2DC0E9EA29AA','','','2021-01-08',NULL,NULL,NULL),
(666,'User12','3F4E04B24F8AFF8','','','2021-01-09',NULL,NULL,NULL),
(667,'User 13','B16A64B98AA699F','','','2021-01-09',NULL,NULL,NULL),
(668,'User 14','7BDD45D4B344F3F','192.168.0.103','4485006A5A4A','2021-01-09',NULL,NULL,NULL),
(669,'aaaaaaaaaaaaaaaaaaa','0E58882FBBEE2AE','','','2021-01-16',NULL,NULL,NULL);

/*Table structure for table `users` */

DROP TABLE IF EXISTS `users`;

CREATE TABLE `users` (
  `id` int(11) unsigned NOT NULL AUTO_INCREMENT,
  `ip_address` varchar(15) NOT NULL,
  `username` varchar(100) DEFAULT NULL,
  `password` varchar(255) NOT NULL,
  `salt` varchar(255) DEFAULT NULL,
  `email` varchar(100) NOT NULL,
  `activation_code` varchar(40) DEFAULT NULL,
  `forgotten_password_code` varchar(40) DEFAULT NULL,
  `forgotten_password_time` int(11) unsigned DEFAULT NULL,
  `remember_code` varchar(40) DEFAULT NULL,
  `created_on` int(11) unsigned NOT NULL,
  `last_login` int(11) unsigned DEFAULT NULL,
  `active` tinyint(1) unsigned DEFAULT NULL,
  `first_name` varchar(50) DEFAULT NULL,
  `last_name` varchar(50) DEFAULT NULL,
  `company` varchar(100) DEFAULT NULL,
  `phone` varchar(20) DEFAULT NULL,
  PRIMARY KEY (`id`)
) ENGINE=InnoDB AUTO_INCREMENT=2 DEFAULT CHARSET=utf8;

/*Data for the table `users` */

insert  into `users`(`id`,`ip_address`,`username`,`password`,`salt`,`email`,`activation_code`,`forgotten_password_code`,`forgotten_password_time`,`remember_code`,`created_on`,`last_login`,`active`,`first_name`,`last_name`,`company`,`phone`) values 
(1,'127.0.0.1','member','$2y$08$kkqUE2hrqAJtg.pPnAhvL.1iE7LIujK5LZ61arONLpaBBWh/ek61G',NULL,'member@member.com',NULL,NULL,NULL,NULL,1451903855,1451905011,1,'Member','One',NULL,NULL);

/*Table structure for table `users_groups` */

DROP TABLE IF EXISTS `users_groups`;

CREATE TABLE `users_groups` (
  `id` int(11) unsigned NOT NULL AUTO_INCREMENT,
  `user_id` int(11) unsigned NOT NULL,
  `group_id` mediumint(8) unsigned NOT NULL,
  PRIMARY KEY (`id`)
) ENGINE=InnoDB AUTO_INCREMENT=2 DEFAULT CHARSET=utf8;

/*Data for the table `users_groups` */

insert  into `users_groups`(`id`,`user_id`,`group_id`) values 
(1,1,1);

/*!40101 SET SQL_MODE=@OLD_SQL_MODE */;
/*!40014 SET FOREIGN_KEY_CHECKS=@OLD_FOREIGN_KEY_CHECKS */;
/*!40014 SET UNIQUE_CHECKS=@OLD_UNIQUE_CHECKS */;
/*!40111 SET SQL_NOTES=@OLD_SQL_NOTES */;
